Lead ID,jobtitle
4001,IT企画、推進
4002,IT企画・推進
4003,IT企画・開発
4004,IT企画SL
4005,IT企画員
4006,IT企画推進グループ
4007,IT企画推進部
4008,IT企画部 インフラ担当
4009,IT企画部 専門部長
4010,IT企画部　担当部長
4011,IT企画部 部長
4012,IT企画部セキュリティー課 課長
4013,IT企画部リーダー TCR
4014,IT企画部部長 リスク管理グループリーダー
4015,IT企画部長
4016,IT企画部長 兼 開発部担当部長
4017,IT企画開発
4018,IT企画開発部
4019,IT作業者
4020,IT保守
4021,IT保守サービス
4022,IT全般
4023,IT分野
4024,IT利用スタッフ
4025,IT副部門長
4026,IT化推進
4027,IT営業
4028,IT基盤
4029,IT基盤エンジニアリング第4部なし
4030,IT基盤システム
4031,IT基盤ソリューションサービス部 エキスパート
4032,IT基盤ビジネス推進部
4033,IT基盤技術開発
4034,IT基盤構築
4035,IT基盤統括部長
4036,IT基盤運営部　次長
4037,IT専門職
4038,IT導入
4039,IT導入企画推進
4040,IT常駐型派遣
4041,IT従事者
4042,IT従業員
4043,IT情報システム室
4044,IT戦略
4045,IT戦略グループ
4046,IT戦略企画
4047,IT戦略企画部長
4048,IT戦略室
4049,IT戦略室CIO 兼 情報システム本部長 執行役員
4050,IT戦略室マネージャー
4051,IT戦略担当
4052,IT戦略推進室 室長
4053,ＩＴ戦略推進部　部長
4054,IT戦略本部
4055,IT戦略部
4056,IT戦略部 担当マネージャー
4057,IT戦略部エキスパート
4058,IT技師
4059,IT技術者
4060,IT技術者（派遣）
4061,ITサービス業
4062,IT投資マネジメント
4063,ＩＴ投資企画部 課長
4064,IT担当
4065,ＩＴ担当
4066,IT担当 TCR
4067,IT担当　TCR
4068,IT担当マネージャー
4069,IT担当社員
4070,IT担当者
4071,ＩＴ担当者
4072,IT担当者 TCR
4073,IT担当者、事務
4074,ＩＴ推進
4075,IT推進グループ
4076,IT推進チーム
4077,IT推進プロジェクト室長
4078,IT推進室
4079,IT推進室 TCR
4080,IT推進室 係長
4081,IT推進室 室長
4082,IT推進局次長 兼 システム部長
4083,IT推進担当
4084,IT推進本部 DX推進部 DX開発室
4085,IT推進課
4086,IT推進課 一般社員・職員
4087,IT推進部
4088,ＩＴ推進部
4089,IT推進部長
4090,IT支援
4091,IT整備
4092,IT本
4093,IT本部
4094,"IT本部 IT戦略部 システム基盤グループ, SOFTWARE ENGINEER"
4095,"IT本部 IT戦略部 システム基盤グループ, エンジニア"
4096,IT本部 システムサービス部 システムサービス企画課
4097,IT本部 セキュリティ統括部 部長
4098,IT本部 テクノロジー＆サービス部
4099,IT本部　技術開発部 インフラアーキテクト課
4100,IT本部第2事業部第４部 ITエンジニア
4101,IT業
4102,IT業務
4103,IT業務のヘルプデスク
4104,IT業務管理
4105,IT業務部
4106,IT業務部 事業IT基盤統括課
4107,IT業界
4108,IT業革部
4109,IT構築
4110,IT標準推進担当課長
4111,IT活用による地域貢献
4112,IT活用企画
4113,IT活用支援
4114,IT派遣
4115,IT監査
4116,IT研修
4117,IT研修生
4118,IT管理
4119,ＩＴ管理
4120,IT管理担当
4121,IT管理担当者
4122,IT管理者
4123,IT管理者　TCR
4124,IT管理者/開発者
4125,IT管理職
4126,IT管理責任者
4127,IT管理部
4128,IT管理部門
4129,ITシステム部
4130,IT系システム運用
4131,IT系事務
4132,IT統制本部 本部長
4133,IT統括
4134,IT統括 IT&ｿﾘｭｰｼｮﾝ運用本部 ﾌﾟﾗｯﾄﾌｫｰﾑ運用統括部 運用ｼｽﾃﾑ開発2部
4135,IT統括 IT推進部
4136,IT統括部
4137,ＩＴ統括部
4138,IT統括部　IT基幹部　標準化グループ員
4139,IT統括部 システム統括グループ副調査役
4140,IT統括部 デジタル改革グループ グループ長
4141,IT統括部 なし
4142,IT統括部 課長
4143,IT統括部メンバー
4144,IT統括部長
4145,IT統括部長 IT基盤グループリーダー
4146,IT総合戦略室管理者
4147,IT計画
4148,IT講師
4149,IT講座企画部
4150,IT販売
4151,IT責任者
4152,IT資産管理
4153,IT連携コーディネーター
4154,ＩＴ運用
4155,IT運用(派遣)
4156,IT運用・保守
4157,IT運用・保守サービス
4158,IT運用サービス
4159,IT運用サポート
4160,IT運用保守
4161,IT運用担当
4162,IT運用支援
4163,IT運用業務
4164,IT運用管理
4165,IT運用管理担当者
4166,IT運用管理者
4167,IT運用者
4168,IT部
4169,IT部 SREリード
4170,ＩＴ部　サイバーセキュリティグループ 一般社員・職員
4171,IT部署
4172,IT部長
4173,IT部門
4174,アーキテクチャ&モダナイゼーション部
4175,アーキテクト
4176,アーキテクト デジタル
4177,アーキテクトグループ長
4178,アーティスト
4179,アートディレクター
4180,アウトソーシング
4181,アカウント
4182,アカウント セールス 主任
4183,アカウント・エグゼクティブ
4184,アカウント・リーダー
4185,アカウントSE
4186,アカウントエグゼクティブ
4187,アカウントエグゼクティブ 部長
4188,アカウントエンジニア
4189,アカウントコンサルタント
4190,アカウントサービス
4191,アカウントサポート
4192,アカウントスーパーバイザー
4193,アカウントゼネラルマネージャー
4194,アカウントディレクター
4195,アカウントテクノロジーストラテジスト
4196,アカウントプランナー
4197,アカウントマネージャ
4198,アカウントマネージャー
4199,アカウントマネージャー　TCR
4200,アカウントマネジャー
4201,アカウントリーダー
4202,アカウント管理者
4203,あかさ
4204,アシスタント
4205,アシスタント コミュニケーションズ コンサルタント
4206,アシスタント マネージャー
4207,アシスタント・マネージャー
4208,アシスタントエンジニア
4209,アシスタントグループマネージャー
4210,アシスタントコンサルタント
4211,アシスタントゼネラルマネージャー
4212,アシスタントチーフ
4213,アシスタントチーフエンジニア
4214,アシスタントチームリーダー
4215,アシスタントディレクター
4216,アシスタントバイヤー
4217,アシスタントプランナー
4218,アシスタントプロデューサー
4219,アシスタントマネージャ
4220,アシスタントマネージャー
4221,IT企画部
4222,アシスタントリーダー
4223,アシスタント営業マネージャー
4224,アシンスタントマネージャー
4225,アソシエイト
4226,アソシエイト・エンジニア
4227,アソシエイト・ディレクター
4228,アソシエイト・パートナー
4229,アソシエイト・マネージャー
4230,アソシエイトアーキテクト
4231,アソシエイトエンジニア
4232,アソシエイトコンサルタント
4233,アソシエイトディレクター
4234,アソシエイトパートナー
4235,アソシエイトバイスプレジデント/テクノロジープラクティス
4236,アソシエイトプリンシパル
4237,アソシエイトマネージャー
4238,アソシエートパートナー
4239,"アドテクノロジーディビジョン, リードシステムエンジニア"
4240,アドバイザー
4241,アドバイザー/シニアエキスパート
4242,アドバイザリー IT スペシャリスト
4243,アドバイザリーITスペシャリスト
4244,アドバイザリーマネージャー
4245,アドミニストレーター
4246,アナリスト
4247,アナリスト/プレス
4248,アナリティクスマネージャー
4249,アニメーター
4250,アフィリエイト
4251,アプリケーション・アーキテクト
4252,アプリケーション・コンサルタント
4253,アプリケーションアーキテクト
4254,アプリケーションアナリスト
4255,アプリケーションエンジニア
4256,"アプリケーショングループ, エキスパート"
4257,アプリケーションコンサルタント
4258,"アプリケーションサービス事業部共通技術統括本部, 企画員"
4259,アプリケーションスペシャリスト
4260,"アプリケーション事業推進部, 課長"
4261,"アプリケーション共通技術統括部, 課長"
4262,アプリケーション管理
4263,アプリケーション開発
4264,アプリケーション開発エンジニア
4265,アプリケーション開発者
4266,アプリケーション開発部 グループリーダー
4267,アプリ開発
4268,アプリ開発者
4269,アプリ開発部長
4270,アライアンス マネージャ
4271,アルゴリズムエンジニア
4272,アルバイト
4273,イノベーションリーダー
4274,イノベーション創造室 DX推進部 課長
4275,イノベーション推進室 TCR
4276,イノベーション責任者
4277,イベント＆プランニングマネージャー
4278,イベント・コーディネーター
4279,イベントマネージャー
4280,イベント制作
4281,イベント業 営業
4282,イメージング＆センシングエッジコア技術部門システムソフトウェア開発部 ソフトウェアエンジニア
4283,イメージング・センシング・エッジコア技術部門 システムソフトウェア開発部 統括課長
4284,イラストレーター
4285,インサイドセールス
4286,インサイドセールスマネージャー
4287,インサイドセールスリーダー
4288,インストラクタ
4289,インストラクター
4290,インターナルコミュニケーション
4291,インターン
4292,インターン生
4293,インテグレーションエンジニア
4294,インテリアデザイナー
4295,インフラ
4296,インフラ インフラエンジニア
4297,インフラ サブマネジャー
4298,インフラ スペシャリスト
4299,インフラ/セキュリティ運用
4300,インフラSE
4301,インフラエンジニア
4302,インフラエンジニア インフラ統括マネージャー
4303,インフラサービス部 チームリーダ
4304,インフラシステム部 課長
4305,インフラストラクチャ/ネットワーク担当者
4306,インフラストラクチャー部 サイバーセキュリティ バイスプレジデント
4307,インフラストラクチャエンジニア
4308,インフラストラクチャサポートスペシャリスト
4309,インフラストラクチャ部 マネージャー
4310,インフラソリューション部 エンジニア
4311,インフラチーム
4312,インフラチーム インフラエンジニア
4313,インフラマネージャー
4314,インフラ戦略グループ 一般社員・職員
4315,インフラ担当
4316,インフラ担当マネージャー
4317,インフラ構築
4318,インフラ管理
4319,インフラ設計者
4320,インフラ運用
4321,ヴァイス・プレジデント
4322,ヴァイスプレジデント
4323,ヴァイスプレジデント（部長職）
4324,ウェブサービス
4325,ウェブサービス部 部長
4326,ウェブディレクター
4327,ウェブ担当者
4328,ウォーターサーバー事業 TCR
4329,エージェント
4330,IT技術職
4331,エキスパート TCR
4332,エキスパート エンジニア
4333,エキスパート 消費生活アドバイザー
4334,エキスパート　第二情報グループ
4335,エキスパート/DEVOPSエバンジェリスト
4336,エキスパート/市場開発
4337,エキスパート・エンジニア
4338,エキスパートエンジニア
4339,エキスパートリーダー) EXPERT LEADER
4340,エグゼオフィサー/EXECUTIVE OFFICER
4341,エグゼクティブ
4342,エグゼクティブ アカウント マネージャー
4343,エグゼクティブ インダストリースペシャリスト
4344,エグゼクティブ・アドバイザー
4345,エグゼクティブ・コンサルタント
4346,エグゼクティブ・スペシャリスト
4347,エグゼクティブ・ディレクター
4348,エグゼクティブ・プロデューサー
4349,エグゼクティブ・プロデューサー 報道局記者主幹
4350,エグゼクティブ・マネージャー
4351,エグゼクティブアシスタント
4352,エグゼクティブアドバイザー
4353,エグゼクティブエキスパート
4354,エグゼクティブエンジニア
4355,エグゼクティブコンサルタント
4356,エグゼクティブスペシャリスト
4357,エグゼクティブディレクター
4358,エグゼクティブプロデューサー
4359,エグゼクティブマネージャ
4360,エクゼクティブマネージャー
4361,エグゼクティブマネージャー
4362,エジニア
4363,エステティシャン
4364,エックスフラッグスタジオ 総監督代理 室長
4365,エディター
4366,エニジニア
4367,エネルギーコンサルタント
4368,エネルギーサービス開発部 法人サービス開発課 課長
4369,エリアマネジャー
4370,エリアリーダー
4371,エリア長
4372,エレクトロニクス事業本部 生産管理本部 生産企画2T 担当者
4373,ｴﾝｼﾞﾆｱ
4374,エンジニア
4375,エンジニア (WEB系)
4376,エンジニア TCR
4377,エンジニア　TCR
4378,エンジニア エンジニア
4379,エンジニア オートメーションエンジニア
4380,エンジニア サーバーサイドエンジニア
4381,"エンジニア, システム開発部 東京開発センター"
4382,"エンジニア, 開発本部"
4383,エンジニア｀
4384,エンジニアマネージャー
4385,エンジニアユニット長/IOS DEVELOPER
4386,エンジニアリーダー/ジュニアコンサルタント
4387,エンジニアリング
4388,エンジニアリングコンサルタント
4389,エンジニアリングスペシャリスト
4390,エンジニアリングセンター　商品化技術創出グループ シニアアドバイザー
4391,エンジニアリングディレクター
4392,エンジニアリングフェロー
4393,コンシェルジュ
4394,コンタクト本部 課長
4395,コンテナ技術部 リーダー
4396,コンテンツディレクター
4397,コンテンツマネージャー
4398,コンテンツメディア事業部 一般社員・職員
4399,コンテンツ開発
4400,コンピューターオペレーター
4401,コンピューターシステムエンジニア
4402,コンピュータープログラマー
4403,コンプライアンス
4404,コンプライアンス・リスク管理部 部長
4405,コンプライアンス推進室 なし
4406,サーバー
4407,サーバーエンジニア
4408,サーバーエンジニア SE
4409,サーバー担当 TCR
4410,サーバー管理
4411,サーバー管理者
4412,IT開発部
4413,サービスアーキテクト
4414,サービスアカウントマネージャー
4415,サービスアドバイザー
4416,サービスインテグレーション統括部長 兼 セールス&AMP;コンサルティング統括部長 兼 部長
4417,サービスエンジニア
4418,サービスオペレーション
4419,サービスコーディネーター
4420,サービススタッフ
4421,サービスセンター
4422,サービスセンター担当者
4423,サービスソリューション本部サービス戦略部/主任
4424,サービスチーム 　リーダー
4425,サービスデザイナー
4426,サービスデスク
4427,サービスデスクアナリスト
4428,サービスデスク管理者
4429,サービスデリバリー本部東日本サービス事業部 一般社員・職員
4430,サービスマネージャー
4431,サービス企画
4432,サービス企画/開発部サービス開発グループ
4433,サービス企画部 一般
4434,サービス品質部 部長
4435,サービス商品・技術開発部 技術担当
4436,サービス技術者
4437,サービス本部 IT ソリューショングループネットサービスソリューションチーム
4438,サービス業 TCR
4439,サービス管理
4440,サービス部長
4441,"manager, 営業/ビジネス ディベロップメント"
4442,サービス開発マネージャー
4443,サービス開発課
4444,ｻｰﾋﾞﾙ戦略担当 主査
4445,サーマルプリンタ設計セクション シニアマネージャー
4446,サイバーセキュリティ
4447,サイバーセキュリティセクション マネージャー
4448,サイバーセキュリティプラットフォーム開発統括部 開発部
4449,サイバーセキュリティ対策部 一般社員・職員
4450,"サイバーセキュリティ推進部, 調査役"
4451,ｻｲﾊﾞｰｾｷｭﾘﾃｨ本部 本部長
4452,サイバーセキュリティ研究開発室 主査
4453,サイバーセキュリティ部 ITセキュリティ第一課 なし
4454,サイバーセキュリティ部 なし
4455,サステナビリティ経営本部 デジタル戦略推進室 情報システムグループ
4456,サスペンション事業部 生産技術部
4457,サブ・マネージャー
4458,サブグループリーダー TCR
4459,サブチーフ
4460,サブマネージャー
4461,サブマネージャー TCR
4462,サプライチェーン
4463,サプライチェーンコンサルタント
4464,サブリーダー
4465,サポート
4466,サポート エンジニア
4467,サポートアシスタント
4468,サポートエンジニア
4469,サポートサービス
4470,サポートスタッフ
4471,サポートチーム
4472,サポートデスク
4473,サポートリーダー
4474,サポート業/建設業
4475,サポート責任者
4476,サロンオーナー
4477,ジェネラル・マネージャー
4478,ジェネラルマネージャー
4479,シェフ
4480,システム
4481,システム  TCR
4482,システム　TCR
4483,システム エンジニア
4484,ｼｽﾃﾑ ﾏﾈｰｼﾞｬｰ
4485,システム/ソリューション アーキテクト
4486,システム/情報セキュリティ
4487,システム・アーキテクト
4488,システム・コンサルタント
4489,システムアーキテクト
4490,システムアシスタント
4491,システムアドバイザー
4492,システムアドミニストレータ
4493,システムアナリスト
4494,システムインテグレーション本部 SI開発部第1グループ 上級システムエンジニア
4495,システムインテグレーション部 課長
4496,システムインテグレータ
4497,システムインテグレーター
4498,システムエンジア
4499,システムエンジニア
4500,システムエンジニア  TCR
4501,システムエンジニア / SYSTEM ENGINEER
4502,システムエンジニア IT担当
4503,システムエンジニア プロジェクトマネージャ情報セキュリティスペシャリスト 係長
4504,システムエンジニア リペア
4505,システムエンジニア、チームリーダー
4506,システムエンジニア/コンサルタント
4507,システムエンジニアリング部 部長
4508,システムエンニジア
4509,システムオペレーション
4510,システムオペレーター
4511,システムグループマネージャー
4512,システムコーディネーター
4513,システムコンサルタント
4514,システムコンサルティンググループ マネージャー
4515,システムサポート
4516,システムズ・エンジニア
4517,システムスーパーバイザー
4518,システムズエンジニア
4519,システムソリューション２部
4520,システムソリューション部
4521,システムソリューション部 一般社員・職員
4522,システムソリューション部 部長代理
4523,システムチームリーダー
4524,システムディレクター
4525,システムテクニカルセンター シニアコンサルタント
4526,システムプランナー
4527,システムマネージャー
4528,システムマネジメント本部長付 担当部長
4529,システムラボラトリ総務部 課長
4530,システムリスク管理部システムリスク管理課 課長代理
4531,システム事業部 一般社員・職員
4532,システム事業部　課長 TCR
4533,システム事業部 部長
4534,システム事業部 部長/執行役員
4535,システム企画/計画
4536,システム企画マネージャー
4537,システム企画営業
4538,システム企画課 チーフ
4539,システム企画部
4540,システム企画部 課長クラス
4541,システム企画部部長 兼 グローバルIT推進課課長
4542,システム企画部長
4543,システム会社
4544,システム保守
4545,システム保守．
4546,oa事務
4547,システム営業本部
4548,システム営業部     常務取締役
4549,アシスタントマネジャー
4550,システム技術本部クラウド技術部 主任
4551,システム技術者
4552,システム技術職
4553,システム技術部 次長
4554,システム担当
4555,システム担当　-　TCR
4556,システム担当　‐　TCR
4557,システム担当 TCR
4558,システム担当　TCR
4559,システム担当　TRC
4560,システム担当 システムリーダー 課長代理
4561,システム担当_TCR
4562,システム担当＿TCR
4563,システム担当_TCR_
4564,システム担当TCR
4565,システム担当者
4566,システム担当部長
4567,システム推進部 課長
4568,システム本部 一般社員・職員
4569,システム本部 取締役
4570,システム本部セキュリティ室 室長/コーポレートIT室
4571,システム第四事業本部　鹿児島開発部 部長
4572,システム管理
4573,システム管理 TCR
4574,システム管理/開発
4575,システム管理グループ グループリーダー
4576,システム管理室 室長
4577,システム管理担当 TCR
4578,システム管理担当者
4579,システム管理者
4580,システム管理者 / アーキテクト
4581,システム管理課 課長
4582,システム管理責任者
4583,システム統括本部 西日本システム本部 第1システム部　SENIOR CHIEF
4584,システム統括本部 課長
4585,システム統括部 エンジニア
4586,システム統括部 バックエンドエンジニア
4587,システム統括部 リードエンジニア
4588,システム計画第一部 プロジェクトマネージャー
4589,システム計画第二部 プロジェクトマネージャー
4590,システム計算科学センター 副センター長
4591,システム課
4592,システム課 係長_TCR
4593,システム課 課長
4594,システム課　課長
4595,システム課長
4596,システム責任者
4597,システム運営係長
4598,アナリスト / 報道機関
4599,システム運用（管理）
4600,システム運用・保守
4601,システム運用・管理
4602,システム運用保守
4603,システム運用管理
4604,システム運用管理者
4605,システム運用課 専門員
4606,システム部
4607,システム部 　部長
4608,システム部 ITインフラ課
4609,システム部　TCR
4610,システム部 グループ長
4611,"システム部 システム企画課, 課長代理"
4612,セールス・エグゼクティブ
4613,セールス・エンジニア
4614,セールスアシスタント
4615,セールスアナリスト
4616,セールスエキスパート
4617,セールスエンジニア
4618,セールスオペレーションズ
4619,セールスコンサルタント
4620,エリアマネージャー
4621,セールスサポートエンジニア
4622,セールススタッフ
4623,セールスチームリーダー
4624,セールスディレクター
4625,セールスプランナー
4626,セールスプロモーション
4627,セールスマーケティング職
4628,セールスマネージャ
4629,セールスマネージャー
4630,セールスマネジャー
4631,セールスリーダー
4632,セールス担当社員
4633,セールス支援
4634,セキュアサービス本部トラストオペレーションセンターIT 担当者
4635,セキュリティ
4636,セキュリティ エンジニア
4637,セキュリティ マネージャ
4638,セキュリティ＆ＴＣ事業本部 一般社員・職員
4639,セキュリティ・コンサルタント
4640,セキュリティアーキテクト
4641,セキュリティアドバイザー
4642,セキュリティアナリスト
4643,セキュリティアナリスト/スタッフ
4644,セキュリティエキスパート本部 一般社員・職員
4645,セキュリティエンジニア
4646,"セキュリティエンジニア, 開発部"
4647,セキュリティグループ 課長クラス
4648,セキュリティコンサルタント
4649,セキュリティコンサルティング部 課長クラス
4650,セキュリティサービス部 アソシエイトエンジニア
4651,セキュリティサービス部 システムエンジニア
4652,セキュリティサービス部 調査役
4653,セキュリティサポート部 部長クラス
4654,セキュリティスペシャリスト　NON-TCR
4655,セキュリティソリューション事業部 一般社員・職員
4656,セキュリティソリューション部 なし
4657,セキュリティチーム 一般社員・職員
4658,セキュリティビジネス支援部 部長クラス
4659,セキュリティビジネス課 課長クラス
4660,セキュリティマネージャー
4661,セキュリティリーダー
4662,セキュリティ事業部 一般社員・職員
4663,セキュリティ事業部 主任
4664,セキュリティ事業部 副事業部長
4665,セキュリティ事業部 部長クラス
4666,セキュリティ技術者
4667,セキュリティ担当
4668,セキュリティ担当 その他
4669,セキュリティ推進室長 兼 グループマネージャー
4670,セキュリティ本部 シニアエキスパート
4671,セキュリティ本部 一般社員・職員
4672,セキュリティ第三事業部第二技術部第一課 なし
4673,セキュリティ管理者
4674,セキュリティ統括センター セキュリティ推進室 アセット推進グループ グループリーダー
4675,セキュリティ運用
4676,セクションチーフ
4677,セクションマネージャー
4678,セクションリーダー
4679,セクターマネージャー
4680,ゼネコン
4681,ゼネラルプロデューサー
4682,ゼネラルマネージャー
4683,ゼネラルマネジャー
4684,セミナー事業部 最高責任者
4685,セラピスト
4686,センターマネージャー
4687,センター長
4688,センター長 教授
4689,センター長_GENERAL MANAGER
4690,センタ長
4691,センタ長 / -
4692,ソーシャルメディアマーケティング
4693,ソートデザイナー / 主任研究員
4694,その他 一般社員
4695,その他 主任／係長クラス
4696,その他 契約社員
4697,その他 役員クラス
4698,その他 本部長クラス
4699,その他 派遣社員
4700,その他 経営者
4701,その他 課長クラス
4702,その他 部長クラス
4703,その他/役員
4704,その他の IT プロフェッショナル
4705,ソフトウェア
4706,ソフトウェア エンジニア
4707,ソフトウエア&AMP;AMP;セキュリティ リサーチ マネージャー
4708,ソフトウェア・エンジニア
4709,ソフトウェアアーキテクト
4710,ソフトウェアエキスパート
4711,ソフトウェアエンジニア
4712,ソフトウエアエンジニア
4713,ソフトウェアエンジニア プラットフォームエキスパート
4714,ソフトウェアエンジニア/DEVOPSエンジニア
4715,ソフトウェアエンジニアリングマネージャー
4716,ソフトウェアサービス、コンサルティング業務 TCR
4717,ソフトウェアサービス部 技術課 課長
4718,ソフトウェアサポート
4719,ソフトウェアサポートエンジニア
4720,ソフトウェアサポート技術統括部 その他
4721,ソフトウェアテスト
4722,ソフトウェアテストエンジニア
4723,ソフトウェアデベロッパー
4724,ソフトウェア品質
4725,ソフトウェア品質保証
4726,ソフトウェア技術者
4727,ソフトウェア設計/開発
4728,ソフトウェア開発
4729,ソフトウェア開発・販売 人工知能開発・販売 パッケージ開発・販売 サーバ/ネットワーク構築 システム運用・保守
4730,ソフトウェア開発エンジニア
4731,ソフトウェア開発者
4732,ソフトウェア開発者-
4733,ソフトウエア開発者
4734,ソフトウェア開発部マネージャー
4735,ソフトエンジニア
4736,ソフト強化グループ アシスタントマネージャー
4737,ソフト開発
4738,ソリューション
4739,ソリューション アーキテクト
4740,ソリューション コンサルタント
4741,ソリューション・アーキテクト
4742,ソリューション・エンジニア
4743,ソリューション・プリンシパル
4744,ソリューション３部 主任
4745,ソリューションアーキテクト
4746,ソリューションアーキテクト (ソリューション設計者)
4747,ソリューションアーキテクト マネージャー
4748,ソリューションアドバイザー
4749,ソリューションエキスパート
4750,ソリューションエンジニア
4751,ソリューションカンパニー ビジネス推進本部 総合調整部 DX&AMP;KAIZEN推進部門
4752,ソリューションコンサルタント
4753,ソリューションサービスグループ グループマネージャー
4754,ソリューションサービス営業部 一般社員・職員
4755,ソリューションサービス部 主査
4756,ソリューションスペシャリスト
4757,ソリューションセールスマネージャー
4758,ソリューションチーム マネジャー
4759,ソリューションディベロッパー
4760,ソリューションデザイナー
4761,ソリューションビジネス本部　本部長 兼 事業戦略推進部 部長
4762,ソリューション事業本部 部長クラス
4763,ソリューション事業本部/取締役
4764,ソリューション事業第一部 課長代理
4765,ソリューション事業部　ＩＴ基盤サービス課 課長
4766,ソリューション事業部 営業部
4767,ソリューション事業部 第１ＳＬ部 １課 課長
4768,ソリューション事業部 部長
4769,カスタマーエンジニア
4770,ソリューション営業部 マネージャー
4771,ソリューション設計第三担当 シニアエキスパート
4772,ソリューション開発C/課長
4773,ソリューション開発グループ 統括マネージャー
4774,ソリューション開発センター デジタルイノベーション2部 2グループ
4775,ソリューション開発部 マネージャー
4776,ソリューション開発部 部長
4777,ダイアグサービス部 GM
4778,ダイアグサービス部 SE
4779,タクティクスユニット 課長
4780,ダンサー
4781,ダンスインストラクター
4782,チーフ TCR
4783,チーフ ウェブ プロデューサー
4784,チーフ テクニカルエンジニア
4785,チーフ・エンジニア
4786,チーフ・スペシャリスト
4787,チーフ・ディレクター
4788,チーフ・プロデューサー
4789,チーフ・プロデューサー ＮＳＮＰ事務局長
4790,チーフＳＥ
4791,チーフＳＲ
4792,チーフアーキテクト
4793,チーフアシスタントマネージャー
4794,チーフエンジニア
4795,チーフエンジニア 生産設備責任者
4796,"チーフエンジニア, 開発本部"
4797,チーフコンサルタント
4798,チーフシステムエンジニア
4799,チーフスタッフ
4800,チーフスペシャリスト
4801,チーフディレクター
4802,チーフデザイナー
4803,チーフプロジェクトマネージャー
4804,チーフプロデューサー
4805,チーフマネージャー
4806,チーフマネージャー TCR
4807,チーフマネジャー
4808,カスタマーサポート
4809,チームアシスタント
4810,チームディレクター
4811,チームマネージャー
4812,チームリーダ
4813,チームリーダー-
4814,チームリーダー   COMPANY ADMINISTRATOR
4815,チームリーダー TCR
4816,チームリーダー 兼 チームリーダー
4817,チームリーダー 課長
4818,"チームリーダー, システム推進本部 システムサポート部 第1オペレーションチーム"
4819,チームリード
4820,チームリ－ダー TCR
4821,チーム副リーダー
4822,チャプタープレジデント
4823,ツアーマネージャー
4824,つくば事業所　第一技術部 部長
4825,つくば事業所　第五技術部 部長
4826,つくば事業所業務部資材課 課長
4827,デイトレーダー
4828,ディビジョンマネージャー
4829,ディビジョンリーダー
4830,ディビジョン長
4831,ネットワーク管理者
4832,ネットワーク部 係長・主任クラス
4833,ネットワーク開発
4834,パーソナルスタイリスト
4835,パーソナルトレーナー
4836,パータナー
4837,ハードウェアサポートエンジニア
4838,ハードウェア技術者
4839,パートナ
4840,パートナー
4841,パートナー 兼 最高情報責任者
4842,パートナーセールスマネージャー
4843,パートナービジネスマネージャー
4844,パートナーマーケティング本部 本部長
4845,パートナーマーケティング部 部長
4846,パートナー事業部 一般社員・職員
4847,ハイアットリージェンシー東京ベイ IT担当
4848,バイヤー
4849,バックエンドエンジニア
4850,バックオフィス
4851,バックオフィス TCR
4852,バックオフィスマネージャー
4853,パッケージチーム エンジニア
4854,パナソニック コネクト（株）モバイルソリューションズ事業部 オペレーション
4855,パナソニックＧＵ 一般社員・職員
4856,パブリック事業本部 課長クラス
4857,パラリーガル
4858,バリスタ
4859,パワー ユーザー
4860,ピアノ教師
4861,ビジネス アナリスト
4862,ビジネス デベロップメント エグゼクティブ
4863,ビジネス・インテリジェンス
4864,ビジネス・プロデューサー
4865,ビジネスアーキテクト
4866,ビジネスアドバイザー
4867,ビジネスアナリスト
4868,ビジネスアナリスト SP SME
4869,ビジネスアプリケーションマネージャー
4870,ビジネスイノベーション推進部 業務プロセス改革 マネージャー
4871,ビジネスイノベーション本部 一般社員・職員
4872,ビジネスイノベーション部テクニカルソリューション担当 主査
4873,ビジネスエンジニア
4874,ビジネスクエスト本部　業務ソリューション推進部 部長クラス
4875,ビジネスクエスト本部マーケティング推進部営業企画課 マネージャー
4876,ビジネスクリエーション部サービス戦略担当 主査
4877,ビジネスコンサルタント
4878,ビジネスコンサルティング
4879,ビジネスコンサルティング本部 マネジャー
4880,ビジネスソリューションカンパニー 経営企画部 部長
4881,ビジネスソリューション事業本部 ソリューション開発センター 第一開発部 技師
4882,ビジネスソリューション事業本部長 常務執行役員
4883,ビジネスソリューション本部　アウトソーシングサービス部　第2課 TCR
4884,ビジネスソリューション本部　ソリューションエンジニアリング部 係長・主任クラス
4885,ビジネスソリューション本部 課長クラス
4886,ビジネスディベロップメント部 マネージャー
4887,ビジネスデザイン&ソリューション 主任
4888,ビジネスデベロップメント部 その他
4889,ビジネスパートナー
4890,ビジネスプランナー
4891,ビジネスプランニングマネージャー
4892,ビジネスプロセス管理
4893,ビジネスプロデューサー
4894,ビジネスマネージャー
4895,ビジネスユニット長
4896,ビジネスリーダー
4897,ビジネスリレーションシップマネージャー
4898,ビジネス企画
4899,ビジネス営業本部エンタープライズビジネス営業部 主査
4900,ビジネス推進本部 サービス企画部
4901,ビジネス支援統括部 その他
4902,ビジネス開発マネージャー
4903,ビジネス開発担当
4904,ビジネス開発担当&アカウントマネージャー
4905,ビジネス開発担当ディレクター
4906,ﾋｭｰﾏﾝｲﾝﾀﾌｪｰｽ技術ｸﾞﾙｰﾌﾟ ﾏﾈｰｼﾞｬｰ 工学博士
4907,ビリング室 室長
4908,ビル事業企画部　企画グループ  課長代理
4909,ファームウェアエンジニア
4910,ファイナンシャル データ エンジニア
4911,ファイナンス・IT本部 IT部 次長
4912,ファイナンスマネージャー
4913,"ファウンダー兼代表取締役社長,CEO"
4914,ファンドマネージャー
4915,ファンドマネジャー
4916,フィールドアプリケーションエンジニア
4917,フィールドエンジニア
4918,フィールドエンジニアリング
4919,フィールドサービスエンジニア
4920,フィールドサービス技術者
4921,フィールドセールス
4922,フィールドマーケティングマネージャー
4923,フィールドマネージャー
4924,フェロー シニアエグゼクティブITスペシャリスト
4925,フェロー プロジェクトマネージャー 工学博士
4926,フェロー ユニット長
4927,プラットフォーム マネージャー
4928,プラットフォーム・エンジニア
4929,プラットフォームアーキテクト
4930,プラットフォームエンジニア
4931,プラットフォームソフトウェア事業本部 課長
4932,プラットフォームテクノロジー販売推進グループ プロフェッショナル
4933,プラットフォーム事業ライン   第二ＰＦソフトウェア事業部 MANAGER
4934,プラットフォーム推進室 室長
4935,プラットフォーム部 部長
4936,ブランドスペシャリスト
4937,ブランドマネージャー
4938,ブランド開発
4939,プランナー
4940,プランニング・ディレクター
4941,プランニングチームリーダー
4942,プランニングディレクター
4943,プランニングマネージャー
4944,フリーランス
4945,フリーランス フリーランス
4946,フリーランス/派遣社員
4947,フリーランスエンジニア
4948,フリーランスカメラマン
4949,フリーランスデザイナー
4950,コーポレート
4951,プリセールス/サービス企画
4952,プリセールス・エンジニア
4953,プリセールスエンジニア
4954,プリセールスコンサルタント
4955,プリンシパル
4956,プリンシパル テクニカルスペシャリスト
4957,プリンシパル パートナー マーケティング マネージャー
4958,プリンシパル プロダクト スペシャリスト
4959,プリンシパル・ディレクター
4960,プリンシパルアーキテクト
4961,プリンシパルアドバイザー
4962,プリンシパルエンジニア
4963,プリンシパルコンサルタント
4964,プリンシパルセールス コンサルタント
4965,プリンティング事業部 営業部 営業二課 課長
4966,フルスタックエンジニア
4967,プレーヤー
4968,プレジデント 執行役員
4969,フロアマネージャー
4970,プログラマ
4971,プログラマー
4972,プログラマー (アプリ)
4973,プログラマー/PROGRAMMER
4974,プログラマー/システムエンジニア
4975,プログラミング
4976,プログラミングエンジニア
4977,プログラム
4978,プログラムエンジニア
4979,プログラムダイレクター) PROGRAM DIRECTOR
4980,プログラムプランナー
4981,プログラムマネージャー
4982,プログラムマネージヤー/ディレクター
4983,プログラムマネジメント
4984,プロジェクト マネージャー
4985,プロジェクト/プロダクトマネージメント
4986,プロジェクト・マネージャー
4987,プロジェクト・マネジメント
4988,プロジェクト・リーダー
4989,プロジェクトアシスタント
4990,プロジェクトエキスパート
4991,プロジェクトエンジニア
4992,プロジェクトサポート
4993,プロジェクトシニアマネージャー
4994,プロジェクトスーパーバイザー
4995,プロジェクトディレクター
4996,プロジェクトデザイナー
4997,プロジェクトマネージャ
4998,プロジェクトマネージャー
4999,プロジェクトマネージャー PMP
5000,プロジェクトマネージャー　TCR
5001,プロジェクトマネジメント
5002,プロジェクトマネジャ－
5003,プロジェクトマネジャー
5004,プロジェクトメンバー
5005,プロジェクトリーダ
5006,プロジェクトリーダー
5007,プロジェクト推進グループ長 担当部長
5008,プロジェクト推進部
5009,プロジェクト推進部 マネージャー
5010,プロジェクト研究員
5011,プロジェクト管理コンサルタント
5012,プロジェクト管理室
5013,プロジェクト管理者
5014,プロジェクト課長
5015,プロジェクト部長
5016,プロジェクト開発
5017,プロセス・IT部サイバーセキュリティ戦略グループ グループリーダー
5018,プロセスエンジニア
5019,プロセスマネジメント
5020,プロダクションアシスタント
5021,プロダクションマネージャー
5022,プロダクト DIV. / リードエンジニア
5023,プロダクトイノベーションセンター 部長
5024,プロダクトエンジニア
5025,プロダクトサービス開発部 部長
5026,プロダクトソリューション事業本部　アライアンスビジネス事業部　ビジネスプロセス変革部 一般社員・職員
5027,"プロダクトデベロップメント本部, 開発者"
5028,プロダクトマーケティングマネージャー
5029,プロダクトマネージメント
5030,プロダクトマネージャ
5031,プロダクトマネージャー
5032,プロダクトマネージャー/開発推進室 室長
5033,プロダクトリリースマネージャー
5034,プロダクト企画部プロダクト企画課 プロダクトマネージャー
5035,プロダクト営業部 CEO
5036,プロダクト戦略室 マネージャ
5037,"プロダクト本部 開発部 先進防災技術開発室, リサーチエンジニア"
5038,プロダクト本部 開発部 開発グループ
5039,"プロダクト統括本部, 本部長"
5040,プロダクト開発部
5041,プロダクト開発部 エンジニアリングマネージャー
5042,"プロダクト開発部, ソフトウェアエンジニア"
5043,プロデューサー
5044,プロデューサー 部次長
5045,プロデューサー&ディレクター
5046,プロデューサー/クリエイティブディレクター
5047,プロデュースビジネスユニット　データストラテジーグループ グループ長
5048,プロフェッショナル
5049,プロフェッショナル / ITストラテジスト
5050,一般
5051,一般 システムエンジニア
5052,一般 一般社員
5053,一般、エンジニア
5054,一般エンジニア
5055,一般サービス
5056,一般事務
5057,一般事務 その他
5058,一般事務 一般社員
5059,一般事務 主任／係長クラス
5060,一般事務 契約社員
5061,一般事務 役員クラス
5062,一般事務 派遣社員
5063,一般事務 経営者
5064,一般事務 課長クラス
5065,一般事務 部長クラス
5066,一般事務員
5067,一般事務員 業務員
5068,一般事務職
5069,一般事務職員
5070,一般作業者
5071,一般社員
5072,一般社員 TCR
5073,一般社員 フロントエンドエンジニア
5074,一般社員 開発管理担当
5075,一般社員：開発/エンジニア
5076,一般社員・職員
5077,一般社員・職員クラス
5078,一般社員クラス
5079,一般職
5080,一般職 TCR
5081,一般職 一般職
5082,一般職​
5083,一般職『
5084,一般職員
5085,一般職員 TCR
5086,上司
5087,上席コンサルタント
5088,上席プロフェッショナル ディレクター
5089,上席主任
5090,上席執行役員 CIO 兼 副CTO 製造・生産技術本部長 兼 全社技術部門副部門長
5091,上席執行役員 最高品質責任者(CQO)産業資材事業部 副事業部長
5092,上席執行役員 本部長
5093,上席執行役員 西日本事業本部 副事業本部長
5094,上席執行役員 部長
5095,上席研究員
5096,上席課長代理
5097,上席調査役
5098,上席部長代理
5099,上本卓司 内部監査部 課長 事務職
5100,上級エンジニア
5101,上級コンサルタント
5102,上級システムエンジニア
5103,上級システムエンジニア DX生産革新推進部 BIT.LABSグループ
5104,上級システムコンサルタント
5105,上級システムコンサルタント DX生産革新本部 IT基盤グローバル事業推進部
5106,上級テクニカルエンジニア
5107,上級執行役員
5108,上級執行役員 価格.COMカンパニー長
5109,上級技術者
5110,上級研究員
5111,上野浩文 北・東関東量販店舗営業二課 課長代理 営業職
5112,下村晋 南東北量販店課 担当課長 営業職
5113,不動産
5114,不動産コンサルタント
5115,不動産業者
5116,中国支店 支店長
5117,中央技術研究所 チーフスタッフ
5118,中央技術研究所デジタル研究所データサイエンスグループ シニアスタッフ
5119,中央研究所 なし
5120,中学校教諭
5121,中島稔 商品部 課長 事務職
5122,中村充 佐世保支店 ＧＬ 事務職
5123,中村鑑彦 東京西部支店 － 営業職
5124,中部情報ネットワーク部
5125,中間管理職
5126,丸尾多嘉子 販売促進部 課長 事務職
5127,サーバエンジニア
5128,主事補
5129,主任 シニアアプリケーションスペシャリスト システムアーキテクト プロジェクトマネージャ
5130,主任 なし
5131,主任 主務
5132,主任 室員
5133,主任(指導主事)
5134,主任/シニアエンジニア
5135,主任/テクニカルディレクター
5136,サービス
5137,主任／係長級
5138,主任エンジニア
5139,主任コンサルタント
5140,主任システムエンジニア
5141,主任システムコンサルタント
5142,主任システムズエンジニア
5143,主任テクニカルエンジニア
5144,主任デザイナー
5145,主任主査
5146,主任技師
5147,"主任技師, 課長クラス"
5148,主任技術者
5149,主任研究員 博士
5150,主任研究員 博士（工学）
5151,サービス業
5152,主任部員
5153,主任部員（課長）
5154,主婦
5155,主婦・学生
5156,主席スタッフ
5157,主席チーム統括
5158,主席技師
5159,主席研究員
5160,主席研究員 グループ長
5161,主席研究員 室長
5162,主席部員
5163,主幹  基幹職３級
5164,主幹 TCR
5165,主幹 事業企画
5166,主幹技師
5167,主幹教諭
5168,主幹教諭/情報化推進員
5169,主幹研究員
5170,主担
5171,主担当員
5172,サービス開発
5173,主査 (係長)
5174,主査 /
5175,主査 TCR
5176,主査 課長
5177,主査^ IT人材戦略担当
5178,主査研究員
5179,主管 技術士(衛生工学部門) 博士(工学)
5180,主題専門家
5181,乗務員
5182,亀城オフィス プラットフォーム・エンジニアリングユニット ITインフラ部 ITインフラ1課 2グループ
5183,亀崎浩一郎 市原支店 副支店長 営業職
5184,システム企画
5185,事務　
5186,事務 日本
5187,事務/経理
5188,事務・管理
5189,事務主任
5190,事務作業
5191,事務員
5192,事務員 TCR
5193,事務官
5194,事務室
5195,事務局
5196,事務局 TCR
5197,事務局/次長
5198,事務局次長
5199,事務局長
5200,事務局長 TCR
5201,事務局長補佐
5202,事務担当
5203,事務担当者
5204,事務機販売
5205,事務次長
5206,事務管理
5207,事務管理部門
5208,事務系 TCR
5209,事務統括部 システム企画グループ 主任調査役
5210,事務総長
5211,事務職
5212,事務職 一般社員
5213,事務職員
5214,事務補佐
5215,事務部
5216,事務部長
5217,事務長
5218,事業・システム企画部 / DX PLANNIGチーム
5219,事業マネージャー
5220,事業主
5221,事業企画部/担当部長
5222,事業戦略企画室 次長
5223,事業戦略本部長 執行役員
5224,事業戦略部 部長
5225,事業所 ICTインフラ担当
5226,事業所長
5227,事業推進
5228,事業推進室
5229,事業推進室 本部長
5230,事業推進本部　OT/IOTセキュリティ事業部 なし
5231,事業推進本部 その他
5232,事業推進本部 情報管理部
5233,事業推進本部 次長
5234,事業推進統括部 ゼネラルマネージャー
5235,事業推進部
5236,事業推進部 アプリケーションソフトウェア開発課
5237,事業推進部 システム課
5238,事業推進部 データマネジメントDIV. セールスカンパニー リーダー
5239,事業支援 執行役員
5240,事業支援グループ長 課長
5241,事業支援部 インフラマネージャー
5242,事業改革推進本部 DX推進室
5243,事業本部長
5244,事業管理
5245,事業管理課　経理係 係長
5246,事業管理部 IT推進課
5247,事業責任者 TCR
5248,事業運営
5249,事業運営責任者
5250,事業部 MGR
5251,事業部 グループリーダ
5252,事業部 一般社員・職員
5253,事業部 部長クラス
5254,事業部長 執行役員
5255,事業部長/パートナー
5256,事業部長付 CFRTP推進担当 シニアマネージャ
5257,事業部長代理
5258,事業開発
5259,事業開発/営業
5260,事業開発マネージャー
5261,事業開発本部 本部長
5262,事業開発統括本部エンジニアリング部 主幹
5263,事業開発部 部長
5264,二課長 兼 上席スペシャリスト
5265,交通局総務部総務課 課長代理 デジタル・ネットワーク基盤整備調整担当
5266,人事
5267,人事・総務
5268,人事・総務 その他
5269,公認会計士
5270,共創推進事業部 テクニカルマネージャー
5271,共同創業者 取締役
5272,共同創業者/CEO
5273,共同創業者・取締役CEO
5274,共同経営者
5275,"共通システムグループ, チーム長"
5276,共通技術開発 エンジニア
5277,兼 役員秘書
5278,兼任講師
5279,内科医
5280,内科医 TCR
5281,内部監査
5282,内部監査人
5283,内部監査室 シニアマネジャー
5284,内部監査室 なし
5285,内部監査室 部長クラス
5286,内部監査部 課長クラス
5287,内部監査部 部長クラス
5288,内部監査部長
5289,内部統制
5290,写真
5291,写真家
5292,准教授
5293,准教授　博士（工学）
5294,准教授 博士（情報科学）
5295,准看護師
5296,出口清陽 センター物流管理課 課長 事務職
5297,出版部 代表取締役
5298,分散システム開発推進担当 兼 アプリケーション開発グループ エンジニア
5299,分析
5300,分析担当者
5301,分析計測事業部　試験機ビジネスユニット 主任
5302,制作ディレクター / ウェブデザイナー
5303,制作者
5304,制御システム部 部長
5305,前 ディレクター カントリーマネージャー
5306,前原康雄 上越地区管理 担当課長 事務職
5307,副グループ長
5308,副センター長
5309,副センター長 フェロー
5310,副マネージャー
5311,副主任システムエンジニア
5312,副主査
5313,副事業本部長 兼 部長
5314,副事業部長
5315,副事業部長 兼 水環境・コーポレート部長
5316,副事業部長 理事
5317,副会長
5318,副会長 その他役員
5319,副会長兼専務理事
5320,システム開発・保守
5321,副室長
5322,副工場長 兼 品質管理課長
5323,副店長
5324,副所長
5325,副技師
5326,副支店長
5327,副支店長 第二ビジネスイノベーション部長
5328,副支社長
5329,副本部長
5330,副本部長 兼 DXデザイン室長
5331,副本部長 兼 事業所長
5332,副本部長 兼 同開発基盤センター長
5333,副本部長 兼 統括部長
5334,副本部長 兼 部長 兼 グループリーダー
5335,副本部長 教育市場営業部長
5336,副本部長 部長
5337,副本部長 部長 副室長
5338,副理事長
5339,副社長
5340,副社長執行役員 CO-COO
5341,副科長
5342,副統括部長
5343,副編集長
5344,副編集長 DEVELOPERS SUMMIT オーガナイザー
5345,副課長
5346,"副課長, 課長クラス"
5347,副調査役
5348,副部長 TCR
5349,副部長 インフラ課長
5350,副部長 プロダクトマネージャー
5351,副部長 マーケティンググループグループ長（広報責任者）
5352,副部長 兼 ITシステム統括グループ長
5353,副部長 兼 MD2グループマネージャー
5354,副部長 兼 技術三課長
5355,副部長 兼 第二営業課長
5356,副部長 博士（工学）
5357,副部長 営業1課長
5358,副部長 課長
5359,副部長/システム第3グループリーダー
5360,副長
5361,副院長　診療部長
5362,副館長
5363,創業者
5364,創設者
5365,功刀理香 小山支店 － 事務職
5366,加工技術開発部 一般社員
5367,加藤孝幸 北海道量販店課 課長 営業職
5368,助手
5369,助教
5370,助教 サブリーダー メンバー 博士（工学）
5371,助教授
5372,助監督
5373,動画ソリューション部 副部長
5374,勤務
5375,勤務医
5376,化学者
5377,化成品技術企画 DX推進グループ
5378,北田康行 店舗営業部五課 － 営業職
5379,医事課
5380,医員 医学博士
5381,医師
5382,医師 TCR
5383,医療事務
5384,医療事業部　プロダクトマネージャー
5385,医療従事者
5386,医療情報 課長クラス
5387,医療情報技師
5388,医療情報部 部長クラス
5389,医療情報部助教 医療情報技師
5390,医療技師
5391,医療業 事務
5392,医者
5393,医長
5394,千葉方子 水沢支店 － 事務職
5395,半導体エンジニア
5396,卒業生
5397,博士
5398,博士(工学) 副主査
5399,博士（工学） 研究員
5400,博士学生
5401,博士後期課程
5402,博士後期課程 学生
5403,博士後期課程学生
5404,博士研究員
5405,博士課程学生
5406,危機管理
5407,原田修 南東北チルド課 課長 営業職
5408,シニアコンサルタント
5409,参事役
5410,取締役  TCR
5411,取締役 (兼) 専務執行役員CTO (兼) CIO
5412,取締役 『FOURIN世界自動車法政策調査月報』編集長
5413,取締役 3PL事業部長
5414,取締役 CIO
5415,取締役 CIO 兼 CLO (CHIEF LUMADA OFFICER)IT本部長 兼 デジタルトランスフォーメーション推進本部長
5416,取締役 CMO
5417,取締役 COO
5418,取締役 CTO
5419,取締役 CTO エンジニアリング本部長
5420,取締役 CTO兼パッケージソフトウェア事業部長
5421,取締役　ITソリューション事業部　部長　文字プロ　統括マネージャー
5422,取締役 PC事業担当執行役員
5423,取締役 SUICA・駅サービスソリューション本部長 駅サービスシステム部長
5424,取締役 TCR
5425,取締役　TCR
5426,取締役 グループCTO コーポレートオペレーションセンター グローバルプラニングチームリーダー 海外事業担当
5427,取締役　システム統括部長
5428,取締役 ゼネラルマネージャー チームリーダー
5429,取締役 チーフコミュニケーションオフィサー
5430,取締役 デジタル推進局長
5431,取締役 プライムプロモーション部長
5432,取締役 プロダクト部 部長
5433,取締役 マーケティング部長
5434,取締役 事業企画室長
5435,取締役 事業本部長
5436,取締役 事業責任者
5437,取締役 企画営業本部長
5438,取締役 働き方改革推進担当
5439,取締役 兼 CIO
5440,取締役 兼 CTO
5441,取締役 兼 上席専務執行役員　営業本部長
5442,取締役 兼 専務執行役 グループCIO 人事・総務本部長
5443,取締役 兼 常務執行役員 テクノプロ・デザイン社 ソリューション事業管掌
5444,取締役 兼 本部長
5445,取締役 副社長
5446,取締役 副社長 CTO
5447,取締役 取締役
5448,取締役 営業部長
5449,取締役　営業部長
5450,取締役 執行役員
5451,取締役　執行役員
5452,取締役 執行役員 CTO
5453,取締役 執行役員 システムエンジニアリングセンター長
5454,取締役 執行役員 システムサービス本部長
5455,取締役 専務執行役員
5456,取締役 専務執行役員 経営企画本部長
5457,取締役 常務執行役員
5458,取締役 常務執行役員 デジタルサービス企画本部長
5459,取締役 常務執行役員 事業本部長
5460,取締役 常務執行役員 本部長
5461,取締役 技術統括担当
5462,取締役 本部長
5463,取締役 東日本事業本部
5464,取締役 社長
5465,取締役 管理本部長
5466,取締役　管理部長
5467,取締役 経営システム部長 人事総務部長
5468,取締役 経営企画部 部長
5469,取締役 経営管理部長
5470,取締役 総務経理部 部長
5471,取締役 西日本営業本部長
5472,取締役 設計部部長 兼 DX推進室室長
5473,取締役 運営部長
5474,取締役 部長
5475,取締役　部長
5476,取締役　部長 TCR
5477,取締役 部門長
5478,取締役 開発部長
5479,取締役/CTO
5480,取締役/事業部長
5481,取締役CFO TCR
5482,取締役事業部長
5483,取締役会長
5484,取締役会長 債権管理部長
5485,取締役兼 ﾏﾈｰｼﾞｬｰ
5486,取締役副社長
5487,取締役副社長 / プロダクトオーナー
5488,執行役員 IT戦略支援事業部長
5489,執行役員 SBU長
5490,執行役員 TCR
5491,執行役員　TCR
5492,執行役員 VICE PRESIDENT エンタープライズ第一営業本部長
5493,執行役員 イノベーション戦略本部 統括
5494,執行役員 エンジニアリング統括部長
5495,執行役員 カスタマーサービス部長 オペレーション課長
5496,執行役員 クラウドサービス事業本部副事業本部長 兼 本部長
5497,執行役員 グループ長
5498,執行役員 グローバルチーフディジタルオフィサー
5499,執行役員 コーポレート革新本部 技術革新統括部長 事業企画部長 CISO
5500,執行役員 サービス開発本部
5501,執行役員 サポートビジネス本部長代理 サポートビジネス統括部長
5502,執行役員 ジェネラルマネージャー
5503,執行役員 システム本部長
5504,執行役員 システム本部長 新技術推進室長
5505,執行役員 システム部長
5506,執行役員 スマートタウン戦略本部長
5507,執行役員 ゼネラルマネジャー
5508,執行役員 ソリューションシステム管掌
5509,執行役員 ソリューションパートナー本部/ホテル・リゾート本部/ロジスティクス本部 管掌
5510,執行役員 ソリューション事業本部制御システム事業部長
5511,執行役員 ソリューション事業部長
5512,執行役員 ソリューション推進本部長
5513,執行役員 ソリューション部門副部門長
5514,執行役員 テクニカルチーム ゼネラルマネージャー
5515,執行役員 デジタルプロダクト開発本部長 兼 次世代HRビジネス開発室長
5516,執行役員 デジタルマーケティング事業部長
5517,執行役員 デジタル戦略本部長(CIO) DXプラットフォームセンター長
5518,執行役員 デジタル推進室長
5519,執行役員 デジタル推進部長
5520,執行役員 トランスフォーメーション兼パートナー事業本部長
5521,執行役員 パートナー
5522,執行役員 パートナー営業本部長
5523,執行役員 ビジネスソリューション事業本部 開発本部長 兼 DX戦略部
5524,執行役員 マネージドサービス企画・推進本部長
5525,執行役員 ルナルナ事業統括部長
5526,執行役員 ロボティクス事業部長
5527,執行役員 一番隊 隊長 プログラマー
5528,執行役員 事業部長
5529,執行役員 企画管理部長
5530,執行役員 企画部長
5531,執行役員 兼  CISO
5532,執行役員 兼 CTO
5533,執行役員 兼 本部長
5534,執行役員 副本部長
5535,執行役員 営業推進本部長 ICT営業本部長
5536,執行役員 営業本部長
5537,執行役員 営業本部長 インダストリ・マネージャー(テレコム・メディア)
5538,執行役員 営業統括本部長
5539,執行役員 室長
5540,執行役員 常務
5541,執行役員 常務 CTO 本部長
5542,執行役員 常務 ソリューション事業グループ長
5543,執行役員 常務　金融事業グループ長
5544,執行役員 情報システム部担当
5545,執行役員 情報システム部長
5546,執行役員 情報セキュリティ推進本部長 兼 ITソリューション本部長
5547,執行役員 技術センター長
5548,執行役員 技術戦略本部長
5549,執行役員 技術本部長
5550,執行役員 技術本部長代行(住宅系) 住宅事業推進部施工推進部長
5551,執行役員 技術統括本部長
5552,執行役員 技術部長
5553,執行役員 最高収益責任者
5554,執行役員 最高技術責任者 技術本部長 兼 事業企画本部長
5555,執行役員 本部長
5556,執行役員 本部長 兼 CMO
5557,執行役員 本部長 生産性・品質監理部長
5558,執行役員 東日本営業部長 兼 MA・CAD営業部長
5559,執行役員 東日本第二営業本部長
5560,執行役員 業務・システム本部長
5561,執行役員 流通システム第三事業本部長
5562,執行役員 第2事業部 事業部長
5563,執行役員 第一ソリューション事業部長
5564,執行役員 第二事業部 事業部長
5565,執行役員 管理本部長
5566,執行役員 経営企画室 ITソリューション部長
5567,執行役員 経営企画部長
5568,執行役員 経営推進部長
5569,執行役員 経理部長 IT管掌役員
5570,執行役員 統括本部長
5571,執行役員 統括部長
5572,執行役員 製品開発運用本部長
5573,執行役員 西日本事業本部 九州事業部長
5574,執行役員 西日本支社長 西日本統括本部長
5575,執行役員 部長
5576,執行役員 部長兼シニアエヴァンジェリスト
5577,執行役員 部門長
5578,執行役員 開発担当本部長
5579,執行役員 開発設計部ゼネラルマネージャー兼システム管理室室長
5580,執行役員、CIO
5581,"執行役員／カンパニー長,本部長,ブランドマネージャー,部長"
5582,執行役員/プログラマ
5583,執行役員/部長
5584,執行役員・本部長
5585,執行役員・部長
5586,執行役員CIO/CISO
5587,執行役員常務
5588,執行役員常務 コーポレートトランスフォーメンション部門長
5589,執行役員本部長
5590,執行役員部長
5591,執行社員 事務長
5592,デザイン
5593,基幹職/グループリーダ
5594,基盤サービス事業部 システム技術統括部 生産技術担当 エキスパート
5595,基盤システム事業部　第四グループ 一般社員・職員
5596,基盤システム部IT基盤グループ 一般社員・職員
5597,基盤部 エンジニア
5598,堀内友美 高知支店 － 事務職
5599,場長
5600,声優
5601,変更管理
5602,変革推進本部 本部長
5603,外部連携開発部 ソフトウェアエンジニア
5604,大学教員
5605,大学教授
5606,大学生
5607,大学講師
5608,大学院 教育学研究科 教授 現代教育学科 教授
5609,大学院生
5610,大工
5611,大渕友理 広域法人管理課 ＧＬ 事務職
5612,大港修 新潟東部支店 ＧＬ 事務職
5613,大澤拓也 豊橋支店 副支店長 営業職
5614,大臣
5615,大臣官房情報化担当参事官室 係長・主任クラス
5616,大阪桜井工場品質管理G 担当課長
5617,天野直樹 東京東部支店 副支店長 営業職
5618,太陽光発電事業支援部 部長
5619,契約係長
5620,契約社員
5621,委員
5622,委員長
5623,学務課
5624,学校事務職員
5625,学校教育係
5626,学校教育課
5627,学生
5628,学生 / 内定者
5629,学生(3年次)
5630,学生・機械学習エンジニア
5631,学生チーム
5632,学生支援
5633,学科長
5634,学芸員
5635,学芸員 TCR
5636,学部生
5637,学部長
5638,学長
5639,学長補佐 教授 技術士(情報工学部門) 博士(工学)
5640,宇田川遥 店舗営業部一課 － 営業職
5641,安全
5642,安全・信頼性推進部 主幹研究員
5643,安全保障研究所 主席研究員 客員教授
5644,安全管理
5645,官公庁 営業
5646,官公庁法人営業部長
5647,実習生
5648,実験助手
5649,客員教授
5650,客員研究員
5651,客員講師
5652,室長
5653,室長  TCR
5654,室長 (退社)
5655,室長 / マーケティング開発本部
5656,室長 TCR
5657,室長 コンサルタント
5658,室長 ディレクター
5659,室長 室長
5660,室長 教授
5661,室長/CTO
5662,室長/部長_TCR
5663,室長代理
5664,室長代行
5665,室長補佐
5666,富士フイルム ビジネス イノベーションジャパン
5667,審議役
5668,専任課長
5669,専任課長 セールスリーダー
5670,専任講師
5671,専任部長
5672,専務
5673,専務取締役
5674,専務取締役 TCR
5675,専務取締役 執行役員
5676,専務執行役員
5677,専務執行役員 グループCIO
5678,専務執行役員 営業本部長
5679,専務理事
5680,専門 ﾏﾈｰｼﾞｬｰ
5681,専門サービス
5682,専門マネージャー
5683,専門副部長 グループマネージャー
5684,専門学生
5685,専門課長
5686,専門部長
5687,導入コンサルタント
5688,小倉由嗣 大分支店 副支店長 営業職
5689,小児科医
5690,小堤佑太 センター物流管理課 課長代理 事務職
5691,小売業
5692,小売業者
5693,小売販売
5694,小学校教員
5695,小学校教師
5696,小学校教諭
5697,小学校校長
5698,小学生
5699,小田倉弘明 広域量販店業務課 ＧＬ 事務職
5700,小野邦博 富士支店 副支店長 営業職
5701,就職支援
5702,尾西伸輔 岡山支店 担当課長 事務職
5703,局次長
5704,局次長職 兼 室長
5705,局長
5706,山下裕好 新座支店 副支店長 営業職
5707,情報システム部 担当課長
5708,情報システム部 担当部長
5709,情報システム部 次長
5710,情報システム部 社内システム改革室長
5711,情報システム部 課長
5712,情報システム部 課長クラス
5713,情報システム部 部員
5714,情報システム部 部長
5715,情報システム部 部長クラス
5716,情報システム部 部長代理
5717,情報システム部 部長代理 TCR
5718,情報システム部 開発課長
5719,情報システム部​​
5720,"情報システム部, スペシャリスト"
5721,"情報システム部, 主任スタッフ"
5722,"情報システム部, 係長"
5723,情報システム部/マネージャー
5724,情報システム部/一般
5725,情報システム部DX開発推進課 課長
5726,情報システム部ITサービスグループ グループリーダー
5727,情報システム部情報インフラ課 課長
5728,情報システム部長
5729,情報システム部長 取締役
5730,情報システム部門
5731,情報システム部門 サーバーインフラ担当
5732,情報システム部門 一般社員
5733,情報セキュリティ
5734,情報セキュリティストラテジスト エキスパート
5735,情報セキュリティ推進部 一般社員・職員
5736,情報セキュリティ業、文筆業
5737,情報セキュリティ研究科 教授
5738,情報セキュリティ統括室 なし
5739,情報セキュリティ統括部 マネージャー
5740,情報セキュリティ統括部 一般社員・職員
5741,情報セキュリティ部
5742,情報センター
5743,情報センター 課長
5744,情報メディア部 システム企画事務室 事務長
5745,情報主任
5746,情報企画
5747,情報企画係長
5748,情報企画室  課長代理
5749,情報企画部
5750,情報企画部 課長
5751,情報企画部 部長
5752,情報処理
5753,情報処理サービス
5754,情報処理システムサービスセンター システム部 システム課
5755,情報処理業
5756,情報処理部 部長
5757,情報化推進係 係長
5758,情報基盤センター 技術専門職員
5759,情報室 室長
5760,情報戦略グループ グループ長
5761,情報戦略室 室長
5762,情報戦略本部 情報システム部 システム運営部門
5763,情報技術グループ 次長
5764,情報技術統括室 室長補佐
5765,情報技術者
5766,情報技術部 担当部長
5767,情報担当
5768,情報推進部 部長
5769,情報政策課
5770,情報政策課 主任主事
5771,情報政策課長
5772,情報機器サポート部情報システム課 課長
5773,情報科 TCR
5774,情報科学センター　センター次長/准教授
5775,情報管理
5776,情報管理 代表
5777,情報管理室
5778,情報管理室室長
5779,情報管理担当
5780,情報管理担当者
5781,情報管理課
5782,情報管理課 部長
5783,情報管理責任者
5784,情報管理部
5785,情報管理部/係長
5786,情報課
5787,情報通信
5788,情報通信システム事業部　中部情報ネットワーク部
5789,情報通信システム事業部 事業企画部システム管理課
5790,情報通信ソリューション部
5791,情報通信企画部 副長
5792,情報通信技術
5793,情報通信技術者
5794,情報通信技術部 グループリーダー
5795,情報通信本部 部長
5796,情報通信業 TCR
5797,"情報部 企画課, 課長"
5798,情報部 部長
5799,情報開発室 室長代理
5800,愛知支社 一般社員・職員
5801,戦略アドバイザー
5802,戦略コンサルタント　
5803,戦略企画
5804,戦略企画部 DX統括室 室長
5805,戦略投資推進室　事業連携推進グループ　グループマネージャー
5806,戸床達也 水戸支店 ＧＬ 事務職
5807,所有者
5808,所長
5809,所長代理
5810,技官
5811,技師
5812,技師監 部長
5813,技監
5814,技術
5815,技術、管理
5816,技術・企画
5817,技術・知財本部　ソフトウェアソリューション開発部　第3開発室 室長
5818,技術・管理
5819,技術・設計 その他
5820,技術・設計 一般社員
5821,技術・設計 主任／係長クラス
5822,技術・設計 契約社員
5823,技術・設計 役員クラス
5824,技術・設計 本部長クラス
5825,技術・設計 派遣社員
5826,技術・設計 経営者
5827,技術・設計 課長クラス
5828,技術・設計 部長クラス
5829,技術・開発
5830,技術1課長
5831,技術グループリーダー
5832,技術サービス
5833,技術サービス部
5834,技術サポート
5835,技術サポート FAE
5836,技術サポートマネージャー
5837,技術スタッフ
5838,技術チーフ
5839,技術フェロー
5840,技術マネージャー
5841,技術リーダー
5842,技術一部 副部長
5843,技術主幹
5844,技術主査
5845,技術企画
5846,技術企画/技術開発
5847,技術営業
5848,技術営業職員
5849,技術士
5850,技術専門職員
5851,技術局 情報システム部
5852,技術局次長 兼 デジタルソリューションセンター業務IT推進部長
5853,技術情報課 課長代理
5854,技術戦略推進担当マネージャー
5855,技術戦略本部 生産技術部
5856,技術戦略部 エンジニア
5857,技術戦略部　サイバーセキュリティ推進室 その他
5858,技術戦略部 課長クラス
5859,プリセールス
5860,技術担当 兼 管理グループリーダー 次長
5861,技術担当部長
5862,技術推進本部 先端技術Ｔ 上席研究員
5863,技術推進本部 先端技術Ｔ 研究員
5864,技術推進部 部長
5865,プロモーション
5866,技術本部 ICTセンター アプリケーション開発部 兼) 人事部 スマートワーク推進室
5867,"技術本部 アプリケーションソリューションセンター 開発グループ AP開発3課, アプリケーションエンジニア"
5868,技術本部　クラウドインフラ部 一般社員・職員
5869,技術本部 システム設計係 リーダー
5870,技術本部 共創推進室 室長
5871,技術本部 情報技術部 情報技術一課 担当課長
5872,技術本部 本部長
5873,技術本部ものづくり開発センターアッセンブリ要素開発部要素技術課 なし
5874,技術相談室 室長
5875,技術研究員
5876,技術研究統括 チーム長
5877,技術移転
5878,技術移転マネージャー
5879,技術管理
5880,技術管理統括部 技術開発部 社内DX推進室 リーダー
5881,技術管理統括部 統括部長
5882,技術管理者
5883,技術管理課
5884,技術系
5885,技術統括本部 DX技術本部 IT推進部 ITガバナンス課
5886,技術統括本部 DX技術本部長 執行役員
5887,技術統括本部情報管理室 室長
5888,技術統括部 その他
5889,技術統括部　テクノロジーソリューションユニット　ソリューションテクニカルセンター 部長クラス
5890,技術統括部アドバンストプロフェッショナルユニット ユニット長
5891,技術者
5892,技術職
5893,技術職 (ソフトウェア開発)
5894,技術職マネージャー代理
5895,技術職員
5896,技術補助
5897,技術課 一般社員・職員
5898,技術課長
5899,技術講師
5900,技術責任者
5901,技術運用部 サービス企画開発課 課長
5902,技術部
5903,技術部　マネージャー
5904,技術部 一般社員・職員
5905,技術部 技術管理課 課長
5906,技術部 無し
5907,技術部 設計1課　TCR
5908,技術部 課長クラス
5909,技術部 部長
5910,技術部 部長クラス
5911,技術部マネージャー
5912,技術部兼コンテンツ事業部
5913,技術部長
5914,技術部門
5915,技術部門責任者
5916,技術部門長
5917,技術長
5918,技術開発
5919,技術開発 一般社員・職員
5920,技術開発本部 ITソリューション技術開発部 統括部長
5921,技術開発本部 係長
5922,"技術開発本部, 本部長"
5923,技術開発本部長 執行役員
5924,技術開発者
5925,技術開発部 取締役
5926,次長 情報システムグループリーダー
5927,次長兼ｸﾞﾙｰﾌﾟ ﾏﾈｰｼﾞｬｰ
5928,歌手
5929,正社員
5930,正社員 一般社員
5931,正社員/技術者
5932,武内俊 古川支店 支店長 営業職
5933,歯医者
5934,歯科
5935,歯科助手
5936,歯科医師
5937,歯科技工士
5938,歯科衛生士
5939,永井慎一 鹿児島支店 出張所長 営業職
5940,永野亮 法務部 課長代理 事務職
5941,求人コンサルタント
5942,池永祐介 松江支店 主任 事務職
5943,池田勇 春日部支店 副支店長 営業職
5944,沖縄支店 係長
5945,沖縄第二開発部 プロジェクトマネージャ
5946,沖縄第二開発部 プロジェクトリーダー
5947,泉恵輔 四国量販支店 副支店長 営業職
5948,法人
5949,法人プロダクト＆事業戦略本部 副本部長
5950,法人事業本部ビジネスイノベーション推進課
5951,法人企画部 課長クラス
5952,法人営業
5953,法人部 専務理事
5954,法務
5955,法務グループ マネージャー
5956,法務部長
5957,法律
5958,法律事務所
5959,注文住宅事業部 部長
5960,津田竜之介 八千代支店 － 営業職
5961,マーケティング担当
5962,派遣事業 事業部長
5963,マネージャー
5964,派遣社員(現在 IT ヘルプデスク・PCキッティング・マスター作成)
5965,流通BS第二本部システム四部二室 室長
5966,海上自衛隊 シニアコンサルタント
5967,海外セールス
5968,海外事業戦略部 部長
5969,海外事業部 部長
5970,海外事業部門付 マネジャー
5971,海外営業1部 部長
5972,海外営業事務
5973,消防士
5974,渉外
5975,渋谷栄人 弘前支店 副支店長 営業職
5976,渡辺幹男 量販店営業一部三課 ＧＬ 営業職
5977,測量調査部門 係長　TCR
5978,滋賀支店ビジネス営業部 一般社員・職員
5979,澤田智之 玉川支店 主任 営業職
5980,濱田靖子 倉敷支店 － 事務職
5981,無 無し
5982,無（システム担当） TCR
5983,マネジャー
5984,無し エンジニア
5985,無職
5986,照明製品技術課 係長
5987,熊本研究開発部 部長
5988,牧山久美 佐賀支店 ＧＬ 事務職
5989,物流
5990,物流コンサルタント
5991,物流部 係長
5992,物理情報工学科 教授 AI・高度プログラミングコンソーシアム センター長 IBM Q NETWORK HUB @ KEIO ファウンダー
5993,特任教授
5994,特任教授 上席研究員 代表 博士（工学） 技術士（情報工学部門），PMP
5995,特別支援教育コーディネーター
5996,特別理事
5997,特別研究員
5998,特別顧問
5999,特命プロジェクト推進室 課長
6000,特機本部 担当部長
6001,特許技術者
6002,特許部 その他
6003,獣医師
6004,獣医師 TCR
6005,現場ソリューションカンパニー 一般社員・職員
6006,現場リーダー
6007,現場支援
6008,理事
6009,理事 ソリューション技術部 PE&PM
6010,理事 事務局長
6011,理事 副事業部長
6012,理事 副本部長
6013,理事 副本部長 IT統括部長
6014,理事 副本部長 兼 映像情報通信事業推進センター長
6015,理事 専任部長
6016,理事 本部長
6017,理事長
6018,理学療法
6019,理学療法士
6020,理工学部 上席研究員
6021,理財局管理課 なし
6022,理髪師
6023,環境デザイン事業部長 常務執行役員
6024,生命保険 TCR
6025,生命科学科 その他
6026,生徒
6027,生成AI プロジェクトメンバー
6028,"生成ＡＩ部, 部長"
6029,生産・製造関連 主任／係長クラス
6030,生産・製造関連 契約社員
6031,生産・製造関連 本部長クラス
6032,生産・製造関連 派遣社員
6033,生産・製造関連 経営者
6034,生産・製造関連 課長クラス
6035,生産・製造関連 部長クラス
6036,生産企画担当 参事
6037,生産企画課 基幹職
6038,生産性向上チーム 副部長
6039,"生産性向上チーム, エンジニア"
6040,生産技術
6041,生産技術 TCR
6042,生産技術/部門のデータ分析環境構築
6043,生産技術企画部 その他
6044,生産技術者
6045,生産技術部
6046,生産技術部 クラウド技術センタ
6047,生産技術部 一般
6048,生産技術部 一般社員・職員
6049,生産技術部 情報・FAセキュリティチーム　マネージャー
6050,生産技術部生産技術課 課長クラス
6051,生産本部 本部長
6052,生産業務課 情報システム係
6053,生産管理
6054,生産管理マネージャー
6055,生産管理部/部長
6056,生産設備エンジニアリング標準管理課 無し
6057,産官学連携本部 副本部長
6058,産業SBU 副部長
6059,産業事業本部産業事業部システム２部/部長
6060,産業公共ビジネス第一本部 産業ビジネス第二部 係長・主任クラス
6061,産業流通ソリューション事業部 シニアマネージャ
6062,産業流通ソリューション事業部 チーフ
6063,産業流通ソリューション事業部 テクニカルプロフェッショナル
6064,産業第１事業部 プロジェクトマネージャ
6065,産業調査部 一般社員・職員
6066,用務員
6067,田中慎二 山口支店 支店長 営業職
6068,田島真帆 新宿支店 主任 事務職
6069,田頭渉 苫小牧支店 ＧＬ 営業職
6070,画家
6071,留学コーディネーター
6072,病院
6073,病院管理者
6074,発明家
6075,発電所業務ディレクター
6076,白石幸宏 総務部 － 事務職
6077,監事
6078,監査
6079,監査 その他役員
6080,監査 監査役
6081,監査4
6082,監査人
6083,監査役
6084,監査役 その他役員
6085,監査部長
6086,監督
6087,相談役
6088,相談役 総合企画室長
6089,看護
6090,看護士
6091,看護学生
6092,看護師
6093,看護師 TCR
6094,知的財産・技術情報部課長 医療情報技師
6095,知的財産センタ なし
6096,知能化システム技術センター 部長クラス
6097,石井健志 京都支店 副支店長 営業職
6098,石川芳徳 川口支店 副支店長 営業職
6099,石川開発部 プロジェクトリーダー
6100,研修
6101,研修医
6102,研修生
6103,研修部 課長
6104,研修部 部長
6105,研修開発本部 技師
6106,研修開発本部 部長代理
6107,研究 調査 及び 開発
6108,研究/開発
6109,研究・開発
6110,研究コーディネーター
6111,研究センター その他
6112,研究マネージャー
6113,研究主任
6114,研究助手
6115,研究委員
6116,研究室学生
6117,研究所長
6118,研究指導主事
6119,研究支援員
6120,研究本部データ＆セキュリティ研究部 一般社員・職員
6121,研究者
6122,研究職
6123,メンバー
6124,研究部門
6125,研究開発
6126,"研究開発, エンジニア"
6127,研究開発エンジニア
6128,研究開発スタッフ
6129,研究開発ディレクター
6130,研究開発マネージャー
6131,研究開発員
6132,研究開発技術者
6133,研究開発推進担当 主査
6134,研究開発本部 基盤商品開発部 ガス複合商品開発室 第二グループ 室長
6135,研究開発部/部長
6136,研究開発部セキュリティ プロジェクトリーダー
6137,研究開発部門
6138,研究開発部門 第4研究ユニット 研究開発員
6139,社会保険労務士
6140,社会保険労務士 TCR
6141,社会福祉
6142,社会福祉士
6143,社内DX推進部 課長クラス
6144,社内IT
6145,経営職 TCR
6146,経済学部 その他
6147,経済学部・人間科学部・人文学部 / IT担当 非常勤講師
6148,経済安全保障室 部長クラス
6149,経済調査研究所　調査研究部　第二調査研究室 室長
6150,経済部 一般社員・職員
6151,経理
6152,経理・総務 TCR
6153,経理・財務 その他
6154,経理・財務 一般社員
6155,経理・財務 主任／係長クラス
6156,経理・財務 契約社員
6157,経理・財務 役員クラス
6158,経理・財務 経営者
6159,経理・財務 課長クラス
6160,経理・財務 部長クラス
6161,経理主任
6162,経理係
6163,経理担当 副部長
6164,経理担当者
6165,経理本部副本部長　兼　デジタル化推進プロジェクトマネージャー
6166,経理総務課 係長
6167,経理課
6168,経理課 係長・主任クラス
6169,経理課長
6170,"経理財務プロダクト本部, エンジニア"
6171,経理部
6172,経理部 課長
6173,経理部データプロセッシング課 一般社員・職員
6174,経理部長
6175,経理部長 兼 情報システム室長
6176,統合連携基盤本部 エンジニア
6177,統括
6178,統括 ﾏﾈｰｼﾞｬｰ
6179,統括マネージャー
6180,統括マネージャー TCR
6181,統括マネジャー
6182,統括リーダー
6183,統括係長
6184,統括本部長
6185,統括次長
6186,統括課長
6187,統括課長 / 西村　利雄 / 981702
6188,統括部長
6189,統括部長 兼 システム開発部長
6190,統括部長 部長
6191,統轄次長
6192,総務
6193,総務 TCR
6194,総務　TCR
6195,総務 その他
6196,総務(情報システム)
6197,総務、経理
6198,総務/経理・財務
6199,総務/購買業務
6200,総務・人事
6201,総務・商品開発担当マネージャー
6202,総務・経理
6203,総務・経理部
6204,総務グループ TCR
6205,総務コーディネーター
6206,総務リスクマネジメント部マネジメントシステムグループ マネージャ
6207,総務人事
6208,総務人事 TCR
6209,総務人事経理 TCR
6210,総務人事部
6211,総務人事部 情報システム課
6212,総務人事部 情報管理チーム 課長 TCR
6213,総務係長
6214,総務係長 TCR
6215,総務局 情報システム部
6216,総務担当マネージャー
6217,総務本部長
6218,総務業務
6219,総務科
6220,総務等
6221,総務管理
6222,総務管理本部
6223,総務経理
6224,総務経理部
6225,総務経理部　TCR
6226,総務経理部長
6227,総務課
6228,総務課　TCR
6229,総務課（DX推進担当）
6230,総務課主事
6231,総務課長
6232,総務部
6233,総務部'-
6234,総務部 TCR
6235,総務部　TCR
6236,総務部 アドバイザー
6237,総務部 システム推進
6238,総務部 一般
6239,総務部 主任
6240,総務部　主任
6241,総務部 契約・嘱託・派遣等
6242,総務部 情報システム室　TCR
6243,総務部 情報システム課
6244,総務部 情報管理課
6245,総務部 次長
6246,総務部　次長
6247,総務部 社長秘書
6248,総務部 経理課
6249,総務部 課長
6250,総務部　課長
6251,総務部 課長クラス
6252,総務部 責任者
6253,総務部 部長
6254,総務部　部長
6255,総務部 部長クラス
6256,総務部情報システム課/課長
6257,総務部技術開発課 チーフ
6258,総務部総務グループ　アシスタントマネージャー
6259,総務部総務課 課長
6260,総務部部長
6261,総務部長
6262,総務部長 TCR
6263,総合企画室 ＤＸ推進プロジェクト プロジェクトリーダー
6264,総合企画担当マネージャー（経営企画部門）
6265,総合企画本部 情報システム室
6266,総合企画本部　情報管理グループ 担当員
6267,総合工学科/准教授
6268,総合技術研究所 その他
6269,総合政策部情報システム課 ITリーダー
6270,総合管理部 係長・主任クラス
6271,総合職
6272,総括主幹
6273,編集 TCR
6274,編集・ライター
6275,編集・編成・制作 一般社員
6276,編集・編成・制作 主任／係長クラス
6277,編集・編成・制作 契約社員
6278,編集・編成・制作 役員クラス
6279,編集・編成・制作 派遣社員
6280,編集・編成・制作 経営者
6281,編集・編成・制作 課長クラス
6282,編集・編成・制作 部長クラス
6283,編集アシスタント
6284,編集委員
6285,編集者
6286,編集長
6287,織戸真梨子 荒川支店 － 事務職
6288,美容師
6289,義肢装具士
6290,翻訳者
6291,職人
6292,職員
6293,脚本家
6294,臨床心理士
6295,臨床開発部 課長
6296,臨床顧問
6297,自動車販売
6298,自動車関連
6299,自営
6300,自営業
6301,自営業者
6302,自治体スタッフ/チーフ
6303,舞台監督
6304,航空整備士
6305,船員
6306,艦隊情報群司令部 室長補佐
6307,英語
6308,英語教師
6309,英語講師
6310,茂見幸平 交通営業部三課 課長 営業職
6311,荒川英司 栃木・群馬地区推進課 課長 営業職
6312,荻野記念研究所 AI技術開発担当 エキスパート
6313,萩原敬一 北・東関東量販店管理課 課長 事務職
6314,薬剤師
6315,薬剤部係長 医療情報技師
6316,薬剤部長
6317,藤裕司 九州量販店店舗営業一課 課長代理 営業職
6318,藥師神美優 相模原支店 － 事務職
6319,融資業務課マネージャー
6320,行政書士
6321,衛星エンジニア
6322,裁判
6323,裁判所事務官
6324,装置技術部 部長
6325,補佐
6326,製品エンジニア
6327,製品事業本部 / 本部長
6328,製品企画
6329,製品管理
6330,製品開発
6331,"製品開発センター　ソフトウェア開発部, 課長"
6332,"製品開発センター, 主幹技師"
6333,製品開発プロジェクトマネージャー
6334,製品開発マネージャー
6335,製品開発本部 技術部
6336,製品開発部 第一開発課
6337,製造 課長クラス
6338,製造・技術本部 生産技術部 仕上設備開発室
6339,製造DX開発1部 プロジェクトディレクター
6340,製造システム統括部 マネージャー
6341,製造ソリューション事業部 製造DXユニット 製造DX開発1部 エンジニア
6342,主任／係長クラス
6343,製造販売 TCR
6344,西日本テクニカルサポート統括部 部長
6345,西日本ビジネスユニット関西営業部 一般社員・職員
6346,西日本事業部長 (兼) 関西支社長
6347,西日本本部 技術管理部 情報システム課
6348,西田尚弘 奈良支店 副支店長 営業職
6349,観光
6350,解析システム第一設計部  技師
6351,"解析技術センター, 主任研究員"
6352,解析技術部 主任
6353,言語聴覚士
6354,計画
6355,計画管理部長 兼 IT推進部長
6356,設備サービス
6357,設備技術部
6358,設備管理
6359,設計
6360,設計 代表取締役
6361,設計、開発
6362,設計・デザイン TCR
6363,主任研究員
6364,開発コンサルタント
6365,開発スペシャリスト
6366,開発チーム
6367,開発チームマネージャー/プラットフォームチーム
6368,開発チームリーダー
6369,開発マネージャー
6370,開発リーダー
6371,開発主任
6372,開発企画本部　戦略企画部 課長
6373,開発企画部長 兼 先端技術ラボ部長
6374,開発員
6375,開発室
6376,開発室室長
6377,開発局 課長クラス
6378,開発技術者
6379,開発技術部 なし
6380,開発担当
6381,開発担当 主査
6382,開発担当者
6383,"開発推進部, ITエンジニア"
6384,開発本部
6385,開発本部 AI技術開発部 アルゴリズムグループ
6386,開発本部 本部長
6387,開発本部 業務委託
6388,開発本部 課長
6389,開発本部 課長クラス
6390,開発本部 通信システムエンジニアリングセンター
6391,開発本部 開発管理部 開発管理課
6392,開発本部 開発管理部 開発管理課 なし
6393,"開発本部, エンジニア"
6394,開発本部/Dプロジェクト
6395,"開発本部デザイン部UXデザインチーム, チームリーダー"
6396,開発研究部 課長補佐
6397,開発第六チーム 一般社員・職員
6398,開発管理担当 プラント付 専任部長
6399,開発統括部 統括部長
6400,開発者
6401,開発者 / エンジニア
6402,開発者/IT担当者
6403,開発者/エンジニア
6404,開発者/デベロッパー
6405,開発者/デベロッパー（DEVOPS担当）
6406,開発職
6407,開発設計
6408,開発課 課長
6409,開発責任者
6410,開発部
6411,開発部 TCR
6412,開発部 VP OF MACHINE LEARNING リード機械学習エンジニア
6413,開発部 エンジニアリングマネージャー
6414,開発部 クライアント開発
6415,開発部 その他役員
6416,開発部 ソフト開発課 課長
6417,開発部 プログラマー
6418,開発部 マネージャー
6419,開発部 係長・主任クラス
6420,開発部 医用画像システム開発グループ
6421,開発部 調査プロダクト開発ユニット
6422,開発部 部長
6423,"開発部, CTO"
6424,"開発部, TL"
6425,"開発部, 開発者"
6426,開発部/R&D部/クリエ.イティブ部 マネージャー
6427,開発部・マネージャー
6428,開発部・部長
6429,開発部シニアマネージャー
6430,開発部マネージャ
6431,開発部次長
6432,開発部部長
6433,開発部長
6434,開発部門
6435,開発部門 ソフトウェアエンジニア
6436,開発部門マネージャー
6437,開発部門管理マネージャー
6438,開発部門責任者
6439,閑地秀樹 九州量販店管理課 － 事務職
6440,関根二郎 横浜港北支店 支店長 営業職
6441,関西ソリューション本部 係長・主任クラス
6442,関西事業本部 副本部長
6443,関西事業部 事業部長
6444,関西支店　システム部　第五システム課 係長・主任クラス
6445,関西支社 事業計画グループ 係長・主任クラス
6446,関西支社営業部 部長代理
6447,阿部徹 新潟西部支店 ＧＬ 事務職
6448,隊長
6449,雑用係
6450,雑誌
6451,"電子楽器事業部, ソフトウェアエンジニア"
6452,電気技師
6453,電気技術者
6454,電気通信
6455,電話オペレーター
6456,非常勤教員
6457,非常勤講師
6458,音楽
6459,音楽家
6460,音響/映像
6461,音響デザイナー
6462,顧客戦略 事業開発
6463,食品流通事業部 一般社員・職員
6464,食糧部門穀物飼料原料課 課長
6465,飯塚龍司 北・東関東量販店管理課 － 事務職
6466,首都圏産業事業本部　サービス第二システム部 プロジェクトマネージャ
6467,駅長
6468,高崎テクニカルトレーニングセンター  センター長
6469,高校
6470,高校教員
6471,高校教員(常勤講師)
6472,高校教師
6473,高校教諭
6474,高校生
6475,高橋尚子 山形支店 － 事務職
6476,高橋潤 南東北量販店課 担当課長 営業職
6477,高橋穣 自販機部 課長 事務職
6478,高畑晶 札幌東部支店 － 事務職
6479,高等学校　教諭
6480,高等学校教員
6481,高等学校教諭
6482,髙尾聡美 小牧支店 － 事務職
6483,鹿島工場総務部 情シス担当
6484,鹿野清和 調布支店 副支店長 営業職
6485,黒沢吉伸 横手支店 ＧＬ 営業職
6486,黒田一久 横手支店 ＧＬ 事務職
6487,齋藤晃利 長野支店 支店長 営業職
6488,ー 技師長
6489,事務
6490,事業企画
6491,事業部長
6492,代表理事
6493,代表社員
6494,その他
6495,企画
6496,企画職
6497,会社員
6498,係長
6499,保全
6500,保守
6501,内勤
6502,副主任研究員
6503,副参事
6504,副部長
6505,参事
6506,取締役
6507,品質保証
6508,ー
6509,品質保証部
6510,商品開発
6511,役員クラス（取締役・執行役員）
6512,商社
6513,本部長・部長
6514,営業
6515,製造業
6516,営業・企画
6517,製造
6518,役職なし
6519,営業事務
6520,営業企画
6521,部長・課長クラス
6522,専門職
6523,パート
6524,特になし
6525,事業部長・拠点長クラス
6526,営業企画室
6527,営業推進
6528,営業支援
6529,専門職・技術職
6530,上記以外
6531,その他（専門職など）
6532,経営者・役員クラス
6533,営業管理職
6534,運用
6535,メンバ
6536,営業課
6537,契約・派遣・委託・アルバイト
6538,嘱託
6539,専任
6540,普通
6541,執行役員
6542,基幹職
6543,ない
6544,業務委託
6545,社会人
6546,常勤監査役
6547,制作
6548,平
6549,設備
6550,平社員
6551,契約／嘱託社員
6552,通信業
6553,庶務
6554,園長
6555,役職無し
6556,医療
6557,代表役員
6558,情報システム管理
6559,情報システム運用
6560,業務担当
6561,経理事務
6562,工事部
6563,編集
6564,会社
6565,団体職員
6566,技術担当
6567,チーフエキスパート
6568,テックリード
6569,ネットワーク
6570,技術支援
6571,検証
6572,該当なし
6573,担当
6574,本部
6575,一般従業員
6576,技術本部
6577,担当主任
6578,経理担当
6579,サブマネージャ
6580,ひら
6581,プログラム開発
6582,住職
6583,情報システム部員
6584,技術グループ
6585,担当マネージャ
6586,業務コンサルタント
6587,知的財産部
6588,研究主幹
6589,社内システム開発
6590,社外取締役
6591,統括部長代理
6592,製品サポート
6593,製造部長
6594,調達企画
6595,調達担当
6596,運用サポート
6597,運用担当者
6598,製造技術
6599,rpa開発
6600,sreエンジニア
6601,sw開発
6602,アシスタントヴァイスプレジデント
6603,インフラサービス
6604,インフラ保守
6605,インフラ技術者
6606,サーバ構築
6607,サービスマネージャ
6608,サステナビリティ推進部
6609,シニアアドバイザ
6610,チーフse
6611,設計・開発
6612,デジタル企画部
6613,デスクワーク
6614,パート社員
6615,フィールドサポート
6616,リード
6617,一般行員
6618,上席
6619,上席スペシャリスト
6620,上席主任チーム統括
6621,企画役補佐
6622,副リーダー
6623,営業統括
6624,地方公務員
6625,委託社員
6626,専任職
6627,工事管理
6628,店次長
6629,情報サービス業
6630,情報システム部担当
6631,情報システム部部長
6632,情報システム関連
6633,情報系
6634,技術アドバイザー
6635,担当マネジャー
6636,業務効率化
6637,業務推進部
6638,班責任者
6639,監査部
6640,研修中
6641,社内インフラ
6642,管理事務
6643,組織開発
6644,経営企画課
6645,経営戦略部
6646,統括事務係
6647,総務部門
6648,製品設計
6649,製造課長
6650,設計担当
6651,購買部
6652,課長補佐
6653,運用サービス
6654,開発スタッフ
6655,開発技術
6656,itプロデューサー
6657,webマーケティング
6658,エンジ
6659,エンジニア職
6660,コーポレートit部
6661,サービスサポート
6662,サステナビリティ
6663,サブチームリーダー
6664,システム企画・開発
6665,システム管理課
6666,セキュリティ管理
6667,セクション長
6668,ソリューションse
6669,ソリューション推進部
6670,チームマネジャー
6671,デジタルマーケティング部
6672,デジタル企画
6673,デジタル化推進
6674,ネットワーク管理
6675,プロジェクト推進
6676,プロダクトオーナー
6677,プロダクトスペシャリスト
6678,プロダクトマネジメント
6679,プロフェッショナル職
6680,メディカルアフェアーズ
6681,リスクマネジメント
6682,主管研究員
6683,人事企画
6684,企画本部
6685,協力会社社員
6686,営業部門
6687,基盤開発
6688,専門係長
6689,市場調査
6690,常任理事
6691,広報室
6692,役職員
6693,情報イノベーション事業部
6694,情報システムセンター
6695,情報セキュリティ推進室
6696,情報企画課
6697,技術主事
6698,技術係長
6699,技術管理部
6700,技術調査
6701,教育担当
6702,業務コンサル
6703,業務企画
6704,機械保全
6705,派遣スタッフ
6706,無（顧客確認済）
6707,特命部長
6708,環境
6709,生産技術課
6710,生産技術開発
6711,生産支援
6712,生産管理課
6713,生産部
6714,研究企画
6715,研究開発部
6716,管理栄養士
6717,経営クラス
6718,経理財務部
6719,総務事務
6720,総括主任
6721,考査役
6722,設備設計
6723,調達部
6724,財務課長
6725,販促
6726,運用管理者
6727,長
6728,開発メンバー
6729,開発支援
6730,非役
6731,（職能グループ）　営業経理部　第二課
6732,mcc大阪事業部
6733,アソシエイトエキスパート
6734,アソシエート
6735,インフラ設計
6736,インフラ開発
6737,コムチュア株式会社
6738,調達
6739,システムサポート部
6740,システム保守運用
6741,システム運用エンジニア
6742,システム運用担当
6743,シニアハイエンドスペシャリスト
6744,ソリューション企画
6745,ソリューション営業部
6746,ソリューション開発部
6747,データマネジメント部
6748,テクニカルマネジャー
6749,デジタルサービス開発本部
6750,デジタルプロダクト開発本部
6751,デジタル企画部長
6752,ネットワーク担当
6753,ネットワーク運用
6754,ハイエンドスペシャリスト
6755,プレセールス
6756,マニュアル制作
6757,ミドルse
6758,リードプログラマ
6759,上席係長
6760,上級職
6761,上級課長
6762,不動産管理
6763,主任研究官
6764,主席コンサルタント
6765,主席スペシャリスト
6766,事務企画
6767,人財開発
6768,企画グループリーダー
6769,企画推進
6770,企画推進部
6771,保守業務
6772,参事官
6773,商品部
6774,営業・マーケティング
6775,営業戦略
6776,営業業務
6777,地方自治体
6778,執務職
6779,執行役員　事業部長
6780,学術
6781,専任局長
6782,専任技師
6783,専任研究員
6784,専門主事補
6785,専門主任
6786,導入支援
6787,常務執行役員本部長
6788,広域東京エリア
6789,建設専門官
6790,情報システムチーム
6791,情報システム統括部
6792,情報システム開発
6793,情報処理技術者
6794,情報技術
6795,技術開発本部
6796,教育研修
6797,新規事業
6798,施設部
6799,本社スタッフ
6800,東京支社営業部
6801,業務システム部
6802,企画販促
6803,作業所長
6804,保守・サービス
6805,保険業
6806,信頼性保証
6807,内部監査室長
6808,内部監査部
6809,内部統制室
6810,副ユニット長
6811,副参事補
6812,医療情報
6813,医療機器開発
6814,博士（工学）
6815,原価管理
6816,取締役　常務執行役員
6817,取締役相談役
6818,品質保証課
6819,品質検査
6820,品質管理部門
6821,商品企画部
6822,営業戦略部
6823,営業補佐
6824,回路設計
6825,執行役員　情報システム部長
6826,執行役員室長
6827,基盤
6828,基盤se
6829,基盤保守
6830,基盤運用
6831,契約事務
6832,専任マネージャー
6833,専任役
6834,専門次長
6835,工場長補佐
6836,市場
6837,広報部長
6838,建物管理
6839,建築技術
6840,役職無
6841,情報システムg
6842,情報システム企画
6843,情報システム構築・管理（スタッフ）
6844,情報システム統括
6845,情報企画調整官
6846,情報戦略部
6847,技術事務
6848,技術専門職
6849,技術統括部長
6850,担当スタッフ
6851,担当役員補佐
6852,担当部次長
6853,推進
6854,提案
6855,改善
6856,教育企画
6857,新事業開発
6858,新規事業開発部
6859,本部付
6860,業務システム
6861,海外営業部
6862,生命保険
6863,生産戦略
6864,生産本部
6865,監査役室
6866,監督職
6867,研究支援
6868,運用担当
6869,社内it管理
6870,社内インフラ整備
6871,社内システム運用
6872,神奈川県
6873,第一課長
6874,経営企画部経営企画課
6875,経営役
6876,経営戦略企画部
6877,経理財務
6878,総務部担当部長
6879,総合デザインセンター
6880,製造・生産技術
6881,製造スタッフ
6882,製造職
6883,解析
6884,設備技術課
6885,課副責任者
6886,調整監
6887,調査役代理
6888,財務部長
6889,販促支援
6890,車両管理係
6891,運用業務
6892,部部長
6893,部門管理
6894,開発推進
6895,開発研究
6896,領域長
6897,部長付
6898,ict営業
6899,s/w開発
6900,ｔｂ
6901,イノベーションコーディネーター
6902,インフラコンサルタント
6903,インフラチームリーダー
6904,クラウドサービス企画部
6905,クラウド管理
6906,コベルコシステム株式会社
6907,コンプライアンス統括室
6908,サーバインフラ
6909,サービスプロダクト推進本部
6910,サービスマン
6911,サービス推進
6912,サポートse
6913,システム推進
6914,ジョブリーダー
6915,セールスプロセスの各段階ごとの課題＆対処法を解説『収益性の高い関係を構築するための優秀な営業リーダー向けガイド』
6916,ソリューションサービス
6917,ソリューション推進本部
6918,チーム長代理
6919,データ活用
6920,デジタル推進担当
6921,デジタル部門
6922,ビジネスデベロップメント
6923,プランニング
6924,マーケティング企画
6925,マネージドse
6926,マネジャー代理
6927,ミドルitサービスエンジニア
6928,メディア
6929,メディカル事業部
6930,リーシング
6931,リコージャパン
6932,リスクマネジメント部
6933,上席幹部
6934,不動産管理業
6935,主任ｉｔスペシャリスト
6936,主席技術調査役
6937,九州支社
6938,事業企画担当
6939,事業企画担当部長
6940,事業所責任者
6941,事業支援
6942,事業部長・部長クラス
6943,人事教育センター
6944,企画戦略
6945,保険営業
6946,働き方改革
6947,労務部長
6948,医療情報システム室
6949,原価企画
6950,取締役　本部長
6951,品質監査
6952,商品企画・開発
6953,営業局
6954,営業支援部
6955,国際事業本部
6956,基盤エンジニア
6957,基盤系システム担当係長
6958,大阪府
6959,専門部員
6960,局長代理
6961,工場管理
6962,広報・宣伝・マーケティング
6963,情報システム管理担当
6964,情報システム開発保守
6965,所長付
6966,技術推進
6967,担当主幹
6968,担当室長
6969,招聘研究員
6970,教育事業
6971,新規事業企画
6972,業務システム管理者
6973,業務改革推進室
6974,業務改革部
6975,次席技術員
6976,法務担当
6977,特命課長
6978,生産企画部
6979,生産性向上
6980,生産性向上エンジニア
6981,生産技術センター
6982,生産職
6983,生産計画
6984,生産課
6985,産業医
6986,監査員
6987,知財担当
6988,研究開発センター
6989,研究開発企画
6990,社内itサポート
6991,秘書部
6992,管理係
6993,経営・経営企画
6994,総務事務官
6995,総務企画
6996,総務局
6997,総務部総務グループ
6998,総合職社員
6999,総括研究主幹
7000,編集局
7001,製薬会社
7002,製造技術部
7003,計数管理
7004,計算センター
7005,設備担当課長
7006,設計本部
7007,調査分析
7008,資材・購買・調達
7009,資材調達部
7010,通信建設業
7011,運用保守エンジニア
7012,運用構築
7013,運転士
7014,部長付き
7015,鉄道
7016,銀行業務
7017,開発、保守
7018,開発・保守
7019,開発se
7020,開発営業
